BOOTH_ACTIVE_DAY,BOOTH_LIST,GROUP_NAME
1,"A01,A02",Hsun Craft Studio
1,"A03,A04",角落工作室
1,"A05,A06",大腹工作室
1,A07,Noah's Crate Studio
1,A08,犬狸貓手作
1,A09,怪獸箱_monsterbox
1,A10,柚子工房
1,"A11,A12",一隅微生工作室
1,"A13,A14",泉源studio
1,"A15,A16",G&K modeling
1,A17,營養口糧兵工廠
1,A18,Xiustudio
1,A19,KAYASE STUDIO
1,A20,【社長藍白拖】痛包娃包徽章套
1,"A21,A22",老雁小坊
1,"A23,A24",熊手製造
1,A25,芒果的家
1,A26,格裏芬故事屋
1,"A27,A28",克特小舖
1,"A29,A30",My Garden 我的庭園（毛毛氈創作坊）
1,A31,三分糖‧手作中
1,A32,薛頭的塞
1,"A33,A34",ZAP製造所
1,"A35,A36",+喵耳園+
1,A37,狸奴小築
1,A38,手創館
1,A39,J9文創鋪
1,A40,Dreamy Sweet
1,A41,若若食堂
1,A42,石頭小殿
1,"A43,A44",玉音の工房
1,"B23,B24",惡鳥禽流感
1,"B25,B26",球歷史Ballhistory
1,"B27,B28",色気分野
1,"B29,B30",日落之旅藥水舖
1,B31,VIVA
1,B32,南方山竹筍
1,B33,大磨界+GIOstudio
1,B34,俺企鵝
1,"B35,B36",包子部屋
1,"B37,B38",台北海洋科技大學 數遊系
1,B39,奈落的秘密花園
1,B40,魔法松鼠嘟嘟
1,"B41,B42",雙夏
1,"B43,B44",遇見幸福手創館 Met Happiness
1,"C01,C02",雪之饗
1,C03,DooDoo我就DD
1,C04,北商ACGN創研
1,C05,Tobey·又·
1,C06,BiBi
1,C07,MILK牛奶至上
1,C08,r_KT(原)
1,"C09,C10",菟吉珍珠販售店
1,"C11,C12",貓兒迷雅
1,"C13,C14",Bubble Wave
1,"C15,C16",微光創造
1,C17,Dark-yard.studio
1,C18,JerryKu工作室
1,C19,fu富
1,C20,咬一口鯰魚
1,C21,冷水青蛙鍋
1,C22,SCIFASAURUS(海穹文化)
1,"C23,C24",UAV實驗室
1,"C25,C26",LSS的機械陣地
1,"C27,C28",LORENDALE｜毛茸茸製造所
1,"C29,C30",旋鳥
1,"C31,C32",微塵事務所
1,C33,歪的工作室Ystudio
1,C34,賽路伊斯-七曜個人
1,C35,新夭 Brainholesky
1,C36,寒武紀化石
1,"C37,C38",向日葵茄子
1,"C39,C40",歸宅本部
1,C41,ACG動漫迷的秘密會社
1,C42,咖哩東
1,"C43,C44",景美仙姬巖
1,"L01,L02",米恩坊
1,"L03,L04",LiZarD
1,L05,Kivotonuz
1,L06,色彩畫廊 (Iro-iro Gallery)色々・ギャラリー
1,"L07,L08",奈櫻工坊
1,L09,骨頭蹦
1,L10,比雕飛飛♪♪
1,"L11,L12",霜月鬼奈
1,"L13,L14",貓咪窩
1,L15,今晚來瑟瑟
1,L16,AFTER RAIN
1,"L17,L18",秋荻少女
1,L19,C.u.Wa
1,L20,部屋26℃
1,L21,噴射毛球
1,L22,貓專用牛乳
1,L23,隨意坊
1,L24,凜凜魚懶懶的畫圖樂園
1,"L25,L26",萌夜茶会
1,"L27,L28",Ellie工作坊
1,"L29,L30",黑暗小倉庫
1,L31,番茄牛肋排
1,L32,不要碰我的狗
1,L33,畜生道
1,L34,命由工作室
1,L35,犬蜀Ray
1,L36,月面基地
1,"L37,L38",特雷普新寶島
1,L39,芋圓挫冰
1,L40,晚安丁豆子
1,L41,睡一覺就會有靈感
1,L42,Ya喵子的貓窩
1,L43,Ice繪坊
1,L44,幽靈系TUT
1,"L45,L46",塗鴉星狐窩
1,"L47,L48",杏。Xing
1,M01,Ema箱
1,M02,Hanasawa花澤
1,M03,熊巢宅業
1,M04,蝦餅吊飾專賣
1,"M05,M06",蝦餅SHA
1,"M07,M08",待援生活
1,M09,涼拌天窗
1,M10,夏天久一點
1,"M11,M12",雪屋 La fleur
1,"M13,M14",八百萬堂
1,"M15,M16",Atelier Kingyo(金魚工房)
1,M17,本本貓是一隻貓
1,M18,帕淇
1,M19,古比Gubi
1,M20,小廢廢培養皿
1,"M21,M22",NephiAnime
1,"M23,M24",尼腓工作室
1,"M25,M26",超斬開
1,"M27,M28",Hosto
1,"M29,M30",鉛筆盒
1,"M31,M32",驕傲香蕉
1,M33,超級米漿
1,M34,ざしきねこ
1,"M35,M36",皮鵲-Picture
1,"M37,M38",北市大ACGN
1,"M39,M40",山田商會
1,M41,ZM敏
1,M42,Humidity
1,"M43,M44",Damier Cookie 妲米餅乾
1,M45,やまぐちぷりんと
1,M46,和(なごみ)
1,"M47,M48",ＳＨＩＮＩＮＧ
1,"N01,N02",Hashira十四
1,"N03,N04",宇宙波神山崎本社
1,"N05,N06",淺墨閣
1,"N07,N08",irodori comics
1,N09,愛肉通販
1,N10,作業系統
1,N11,本本力學實驗室
1,N12,海岸線擱淺生物認養中心
1,"N13,N14",實體化技師團-次元突破計畫
1,N15,VerseLink
1,N16,緣流
1,"N17,N18",特異點
1,"N19,N20",LMLive
1,N21,果凍仔專區
1,N22,小二茶樓
1,N23,狐交粉心結地
1,N24,Vtuber 白音エルル
1,"N25,N26",無限荒野
1,N27,岸間晴乃のイラストテンジ
1,N28,蘿瑪ロマ的神椿攤
1,N29,啊桌還在睡午覺
1,N30,烏冬傳說
1,"N31,N32",74 Production
1,N33,ano阿諾
1,N34,AOUMA青馬
1,"N35,N36",小雪Yukichan
1,"N37,N38",RenVaichu
1,"N39,N40",米克斯MIX
1,N41,嘿!這裡有變態! 嵐寶雲
1,N42,RE炸雞店
1,"N43,N44",惡貓計畫
1,"N45,N46",海線少女
1,"N47,N48",Limnos
1,"O01,O02",黒炎紳士
1,"O03,O04",星之八刻
1,O05,香香又色色的
1,O06,開水ㄏ水
1,O07,奶油玉米的呆毛
1,O08,一個小路人
1,O09,粗線條
1,O10,咪狗工作室
1,O11,Rick's 3D列印
1,O12,RayP
1,O13,黎查
1,O14,島明
1,O15,然後她就lost掉了
1,"O17,O18",迷路貓領貓領域
1,O19,Manda's Create
1,O20,Edge Three
1,O21,魔寶大典
1,O22,赤月工作室_AKA Tsuki
1,"O23,O24",T.A.K.O.水族館
1,O25,SophieK極品菲宅
1,O26,粉色蒂國
1,O27,イレブンナイン
1,O28,IVY
1,O29,紫晶星宇 白靈子&亞拉希
1,O30,麒麟的快樂繪圖之家
1,"O31,O32",萌妹子前線
1,"O33,O34",大江戶外萌
1,"O35,O36",curry and rice(咖哩飯)
1,"O37,O38",阿默的成品發表
1,"O39,O40",禿頭貓基地
1,"O41,O42",Hua華兔
1,"O43,O44",廢人生活
1,"O45,O46",Waifubait
1,"O47,O48",好社
1,"P01,P02",星喵Aastaneko
1,"P03,P04",楊衣．Yangyi
1,"P05,P06",牛牛Niu
1,P07,塔可喵喵教
1,P08,衍黛的家
1,P09,Shey雪依
1,P10,梓瞳ziton
1,"P11,P12",Akane COSPLAY
1,P13,チワワプラネットの大統領
1,P14,♡阿蛋在這裏♡
1,P15,ゆうな ❥❥阿奈 Yuuna.
1,P16,暈暈哪次不暈
1,P17,狐川_kitsunekawa
1,P18,Shi Do TW cosplayer
1,P19,千島Chishima
1,P20,鮭魚要吃生的
1,"P21,P22",泥泥汝
1,"P23,P24",醉宮Yomiya
1,"P25,P26",Olivie
1,P27,花梨Hanari
1,P28,櫻貓特小號
1,"P29,P30",Sumiko
1,P31,桃井マシロ
1,P32,藍幽_namyau_
1,P33,蝦米hamiiii
1,P34,KAMIMi湘
1,P35,KL急診室
1,P36,sugar melt
1,"P37,P38",YuDan魚蛋
1,P39,天使堡佑
1,P40,小熊貓工作室
1,P41,小冷leng
1,P42,容子
1,"P43,P44",餓小璇Miu
1,"P45,P46",HattieCosplay
1,"P47,P48",pyoapple
1,"Q01,Q02",玄子株式會社
1,"Q03,Q04",毛毛喵 Cosplayer
1,"Q05,Q06",小律Ritsu與大鵝的產地
1,Q07,朵莉 Tori
1,Q08,饅頭manjyu
1,"Q09,Q10",小羽feather
1,Q11,孤獨小月兔
1,Q12,Jody 女皇
1,"Q13,Q14",KUMAx石見三也
1,Q15,芝芝貓打工仔
1,Q16,Tako&佚泆
1,Q17,よみお姫様_Yomi
1,Q18,伊灰大優灰Ehui
1,Q19,ФшФ黒ギャル GAL RITA
1,Q20,YJ Book Studio
1,"Q21,Q22",野人文庫
1,"Q23,Q24",MIYANA咪呀
1,"Q25,Q26",NEGIBOSE
1,"Q27,Q28",Red Vickies
1,"Q29,Q30",鹿鹿想睡覺
1,Q31,Catachi Cosplay
1,Q32,月宮櫻Tsukimiya Sakura
1,Q33,麵Mian
1,Q34,章魚小丸子
1,Q35,妃芽｜Freya
1,Q36,Sonigalion緋紅
1,Q37,KINOKO 菇菇
1,Q38,犬神Inugami
1,Q39,小翼小光180
1,Q40,兔兔蟲cosplay
1,"Q41,Q42",Hanabi花火
1,"Q43,Q44",Tiffany小豬舍
1,"Q45,Q46",Hatori Sama紀奈奈
1,"Q47,Q48",沖田太太是凜花
1,"R01,R02",♡可凡kofan0331
1,R03,七七小姐_Miss Seven
1,R04,HIKOHIKO
1,"R05,R06",DREAM.Project ➤空想製造
1,"R07,R08",霜月shimo
1,"R09,R10",糖糖Candi
1,R11,阿瞳也是阿餅
1,R12,+洛梨々 Cosplay+
1,R13,瑞紗Coresa
1,R14,緹亞 Restia
1,R15,采采兒Caicai
1,R16,姬喵的貓窩
1,R17,小羊/풍신 Kohitsuji_Pungsin
1,R18,秋秋Chu
1,"R19,R20",子子Smily
1,R21,⟡汪汪 Won Cosplay⟡
1,R22,凌晨四你老沐
1,"R23,R24",Helene海琳
1,"R25,R26",DenKa
1,R27,賺罐罐的霸氣
1,R28,侰 Chun
1,R29,TENxYAU姐妹丼
1,R30,枳枳zhizih
1,"R31,R32",咖啡 cosplay
1,R33,ㄚ田です(´ . .̫ . `)
1,R34,包子xManjiu
1,R35,Oni Hitomi
1,R36,小夜魔法學院
1,R37,音符ONPU
1,R38,小小小萌雪
1,R39,米浮做功德
1,R40,哺哺鼻鼻蓓蓓
1,"R41,R42",小漾樣x漾樣子
1,R43,Kazeki風希
1,R44,貓草DAMA
1,R45,Luoying
1,R46,嗷希飯
1,"R47,R48",Tsuru鶴葵
1,"S01,S02",富士繪社
1,"S03,S04",士雷
1,S05,清酒路上
1,S06,Seven Rain
1,"S07,S08",烯醇ENOL
1,S09,黑嚕嚕的六華貓
1,S10,bbibinbing
1,S11,にゃんション-貓宅
1,S12,LRLR
1,"S13,S14",常夜茶會
1,S15,Zweihanders
1,S16,畫畫好難
1,S17,稚稚丸
1,S18,紳士的秘密基地
1,"S19,S20",筑波的快樂輻射森林
1,"S21,S22",Bygin
1,S23,星米恩
1,S24,ISWUWUWU
1,"S25,S26",北星圖書
1,"S27,S28",花屋 La fleur
1,"S29,S30",平面狂想
1,S31,瞪白紙工房
1,S32,刮租 - 愛爽強到靠北
1,"S33,S34",規尬的地下競馬場
1,"S35,S36",Prediction
1,S37,飛天冰淇淋同好會
1,S38,小波啦
1,"S39,S40",T.K.C
1,"S41,S42",雷光刻幻
1,"S43,S44",蟲蟲商號
1,"S45,S46",毛毛創森坊
1,"S47,S48",蒼銀之星
1,"W01,W02",三色坊
1,"W03,W04",助客勃
1,W05,有害蕈類集會所
1,W06,Kouchiku卡卡
1,"W07,W08",娘娘
1,W09,YUI/YUNA
1,W10,好點子
1,W11,就是諾亞亞Noyaya
1,W12,米米Mimi
1,"W13,W14",蜜雅Kcup
1,"W15,W16",kumori
1,"W17,W18",亞織Aori
1,"W19,W20",Sum sum Danka
1,"W21,W22",COSIS team - Kae
1,"W23,W24",COSIS team - Joo A
1,"W25,W26",REI's ROOM
1,"W27,W28",鈴屋
1,"W29,W30",洋食小貓
1,"W31,W32",小空 Sora
1,"W33,W34",教皇和牛專賣工作室
1,"W35,W36",龜龜kame
1,"W37,W38",坊橋夜泊
1,"W39,W40",Catity cosplay
1,"W41,W42",雨波HaneAme
2,"A01,A02",Hsun Craft Studio
2,"A03,A04",角落工作室
2,"A05,A06",大腹工作室
2,"A07,A08",Noah's Crate Studio
2,A09,怪獸箱_monsterbox
2,A10,柚子工房
2,"A11,A12",一隅微生工作室
2,"A13,A14",泉源studio
2,"A15,A16",G&K modeling
2,A17,營養口糧兵工廠
2,A18,Xiustudio
2,A19,KAYASE STUDIO
2,A20,【社長藍白拖】痛包娃包徽章套
2,"A21,A22",老雁小坊
2,"A23,A24",熊手製造
2,"A25,A26",格裏芬故事屋
2,"A27,A28",克特小舖
2,"A29,A30",My Garden 我的庭園（毛毛氈創作坊）
2,"A31,A32",薛頭的塞
2,"A33,A34",ZAP製造所
2,"A35,A36",+喵耳園+
2,A37,狸奴小築
2,A38,手創館
2,A39,J9文創鋪
2,A40,Dreamy Sweet
2,A41,若若食堂
2,A42,石頭小殿
2,"A43,A44",玉音の工房
2,"B23,B24",惡鳥禽流感
2,"B25,B26",球歷史Ballhistory
2,"B27,B28",色気分野
2,"B29,B30",日落之旅藥水舖
2,"B31,B32",恐怖白果醬
2,B33,大磨界+GIOstudio
2,B34,俺企鵝
2,"B35,B36",包子部屋
2,"B37,B38",台北海洋科技大學 數遊系
2,B39,奈落的秘密花園
2,B40,光影之下
2,"B41,B42",雙夏
2,"B43,B44",遇見幸福手創館 Met Happiness
2,"C01,C02",雪之饗
2,C03,DooDoo我就DD
2,C04,北商ACGN創研
2,C05,Tobey·又·
2,C06,BiBi
2,C07,MILK牛奶至上
2,C08,r_KT(原)
2,"C09,C10",菟吉珍珠販售店
2,C11,阿農Anon
2,C12,可可米可 Coco Miko
2,"C13,C14",Bubble Wave
2,"C15,C16",微光創造
2,C17,Dark-yard.studio
2,C18,Neo尼奧推し活創作
2,C19,fu富
2,C20,咬一口鯰魚
2,C21,冷水青蛙鍋
2,C22,SCIFASAURUS(海穹文化)
2,"C23,C24",UAV實驗室
2,"C25,C26",LSS的機械陣地
2,C27,龍鳥的巢
2,C28,水豚早安安
2,"C29,C30",旋鳥
2,"C31,C32",微塵事務所
2,C33,歪的工作室Ystudio
2,C34,賽路伊斯-七曜個人
2,C35,新夭 Brainholesky
2,C36,寒武紀化石
2,"C37,C38",向日葵茄子
2,"C39,C40",歸宅本部
2,C41,ACG動漫迷的秘密會社
2,C42,咖哩東
2,"C43,C44",景美仙姬巖
2,"L01,L02",米恩坊
2,"L03,L04",LiZarD
2,L05,Kivotonuz
2,L06,色彩畫廊 (Iro-iro Gallery)色々・ギャラリー
2,"L07,L08",奈櫻工坊
2,L09,骨頭蹦
2,L10,比雕飛飛♪♪
2,"L11,L12",霜月鬼奈
2,"L13,L14",貓咪窩
2,L15,今晚來瑟瑟
2,L16,AFTER RAIN
2,"L17,L18",秋荻少女
2,"L19,L20",1717這裏那裏
2,"L21,L22",原·Lab717
2,L23,Eternal planet
2,L24,梟心組
2,"L25,L26",萌夜茶会
2,"L27,L28",Ellie工作坊
2,"L29,L30",黑暗小倉庫
2,L31,番茄牛肋排
2,L32,不要碰我的狗
2,L33,畜生道
2,L34,命由工作室
2,L35,犬蜀Ray
2,L36,月面基地
2,"L37,L38",特雷普新寶島
2,L39,芋圓挫冰
2,L40,五四五四
2,L41,睡一覺就會有靈感
2,L42,Ya喵子的貓窩
2,L43,Ice繪坊
2,L44,幽靈系TUT
2,"L45,L46",塗鴉星狐窩
2,"L47,L48",杏。Xing
2,"M01,M02",任務了解
2,M03,熊巢宅業
2,M04,蝦餅吊飾專賣
2,"M05,M06",蝦餅SHA
2,"M07,M08",待援生活
2,"M09,M10",夏天久一點
2,"M11,M12",雪屋 La fleur
2,"M13,M14",八百萬堂
2,"M15,M16",Atelier Kingyo(金魚工房)
2,M17,本本貓是一隻貓
2,M18,帕淇
2,"M19,M20",壽司不能吃ㄚ
2,"M21,M22",NephiAnime
2,"M23,M24",尼腓工作室
2,"M25,M26",超斬開
2,"M27,M28",Hosto
2,"M29,M30",鉛筆盒
2,"M31,M32",驕傲香蕉
2,M33,超級米漿
2,M34,ざしきねこ
2,"M35,M36",皮鵲-Picture
2,"M37,M38",北市大ACGN
2,"M39,M40",山田商會
2,M42,大福喵喵
2,"M43,M44",快樂濕大象
2,M45,やまぐちぷりんと
2,M46,和(なごみ)
2,"M47,M48",ＳＨＩＮＩＮＧ
2,"N01,N02",Hashira十四
2,"N03,N04",宇宙波神山崎本社
2,"N05,N06",淺墨閣
2,"N07,N08",irodori comics
2,N09,愛肉通販
2,N10,作業系統
2,"N11,N12",梅依貓物語
2,N13,赤井いと
2,N15,燒烤海鮮嚕串買一送一限時搶購
2,N16,緣流
2,"N17,N18",特異點
2,"N19,N20",LMLive
2,N21,果凍仔專區
2,N22,小二茶樓
2,N23,狐交粉心結地
2,N24,Vtuber 白音エルル
2,"N25,N26",無限荒野
2,N27,浣熊會洗棉花糖
2,N28,吃貨少女あか
2,N29,啊桌還在睡午覺
2,N30,烏冬傳說
2,"N31,N32",74 Production
2,N33,ano阿諾
2,N34,AOUMA青馬
2,"N35,N36",小雪Yukichan
2,N37,洛妮想皮也不該吃夕泠啊
2,"N39,N40",米克斯MIX
2,N41,嘿!這裡有變態! 嵐寶雲
2,N42,RE炸雞店
2,"N43,N44",惡貓計畫
2,"N45,N46",海線少女
2,"N47,N48",Limnos
2,"O01,O02",黒炎紳士
2,"O03,O04",星之八刻
2,O05,香香又色色的
2,O07,奶油玉米的呆毛
2,O08,一個小路人
2,O09,粗線條
2,O10,咪狗工作室
2,O11,Rick's 3D列印
2,O12,RayP
2,O13,黎查
2,O14,島明
2,O15,PoiLiang
2,O16,Bremen布來沒
2,"O17,O18",迷路貓領貓領域
2,O19,Manda's Create
2,O20,Edge Three
2,O21,魔寶大典
2,O22,赤月工作室_AKA Tsuki
2,"O23,O24",T.A.K.O.水族館
2,O25,SophieK極品菲宅
2,O26,粉色蒂國
2,O27,イレブンナイン
2,O28,IVY
2,O29,紫晶星宇 白靈子&亞拉希
2,O30,麒麟的快樂繪圖之家
2,"O31,O32",萌妹子前線
2,"O33,O34",大江戶外萌
2,"O35,O36",curry and rice(咖哩飯)
2,"O37,O38",阿默的成品發表
2,"O39,O40",禿頭貓基地
2,"O41,O42",Hua華兔
2,"O43,O44",N.D.S.L.
2,"O45,O46",Waifubait
2,"O47,O48",好社
2,"P01,P02",星喵Aastaneko
2,"P03,P04",楊衣．Yangyi
2,"P05,P06",牛牛Niu
2,P07,塔可喵喵教
2,P08,衍黛的家
2,P09,Shey雪依
2,P10,梓瞳ziton
2,"P11,P12",Akane COSPLAY
2,P13,チワワプラネットの大統領
2,P14,♡阿蛋在這裏♡
2,P15,ゆうな ❥❥阿奈 Yuuna.
2,P16,暈暈哪次不暈
2,P17,狐川_kitsunekawa
2,P18,Shi Do TW cosplayer
2,P19,千島Chishima
2,P20,鮭魚要吃生的
2,"P21,P22",泥泥汝
2,"P23,P24",醉宮Yomiya
2,"P25,P26",Olivie
2,P27,花梨Hanari
2,P28,櫻貓特小號
2,"P29,P30",Sumiko
2,P31,桃井マシロ
2,P32,藍幽_namyau_
2,P33,蝦米hamiiii
2,P34,KAMIMi湘
2,P35,KL急診室
2,P36,sugar melt
2,"P37,P38",YuDan魚蛋
2,P39,天使堡佑
2,P40,小熊貓工作室
2,P41,小冷leng
2,P42,容子
2,"P43,P44",餓小璇Miu
2,"P45,P46",HattieCosplay
2,"P47,P48",pyoapple
2,"Q01,Q02",玄子株式會社
2,"Q03,Q04",毛毛喵 Cosplayer
2,"Q05,Q06",小律Ritsu與大鵝的產地
2,Q07,朵莉 Tori
2,Q08,饅頭manjyu
2,"Q09,Q10",小羽feather
2,Q11,孤獨小月兔
2,Q12,Jody 女皇
2,"Q13,Q14",KUMAx石見三也
2,Q15,芝芝貓打工仔
2,Q16,Tako&佚泆
2,Q17,よみお姫様_Yomi
2,Q18,伊灰大優灰Ehui
2,Q19,ФшФ黒ギャル GAL RITA
2,Q20,YJ Book Studio
2,"Q21,Q22",野人文庫
2,"Q23,Q24",MIYANA咪呀
2,"Q25,Q26",NEGIBOSE
2,"Q27,Q28",Red Vickies
2,"Q29,Q30",鹿鹿想睡覺
2,Q31,Catachi Cosplay
2,Q32,月宮櫻Tsukimiya Sakura
2,Q33,麵Mian
2,Q34,章魚小丸子
2,Q35,妃芽｜Freya
2,Q36,Sonigalion緋紅
2,Q37,KINOKO 菇菇
2,Q38,犬神Inugami
2,Q39,小翼小光180
2,Q40,兔兔蟲cosplay
2,"Q41,Q42",Hanabi花火
2,"Q43,Q44",Tiffany小豬舍
2,"Q45,Q46",Hatori Sama紀奈奈
2,"Q47,Q48",沖田太太是凜花
2,"R01,R02",♡可凡kofan0331
2,R03,七七小姐_Miss Seven
2,R04,嚕卡蹦分貝>100
2,R06,Yumi小魚兒
2,R07,悠夢
2,R08,樂褆超可愛
2,"R09,R10",糖糖Candi
2,R11,阿瞳也是阿餅
2,R12,+洛梨々 Cosplay+
2,R13,瑞紗Coresa
2,R14,緹亞 Restia
2,R15,采采兒Caicai
2,R16,姬喵的貓窩
2,R17,小羊/풍신 Kohitsuji_Pungsin
2,R18,秋秋Chu
2,"R19,R20",子子Smily
2,R21,⟡汪汪 Won Cosplay⟡
2,R22,凌晨四你老沐
2,"R23,R24",Helene海琳
2,"R25,R26",DenKa
2,R27,賺罐罐的霸氣
2,R28,侰 Chun
2,R29,TENxYAU姐妹丼
2,R30,枳枳zhizih
2,"R31,R32",咖啡 cosplay
2,R33,ㄚ田です(´ . .̫ . `)
2,R34,包子xManjiu
2,R35,Oni Hitomi
2,R36,小夜魔法學院
2,R37,音符ONPU
2,R38,小小小萌雪
2,R39,米浮做功德
2,R40,哺哺鼻鼻蓓蓓
2,"R41,R42",小漾樣x漾樣子
2,R43,Kazeki風希
2,R44,貓草DAMA
2,R45,Luoying
2,R46,嗷希飯
2,"R47,R48",Tsuru鶴葵
2,"S01,S02",富士繪社
2,"S03,S04",士雷
2,"S05,S06",大慶集團
2,"S07,S08",烯醇ENOL
2,S09,好點子
2,S10,bbibinbing
2,S11,にゃんション-貓宅
2,S12,LRLR
2,"S13,S14",實體化技師團-次元突破計畫
2,S15,Zweihanders
2,S16,畫畫好難
2,S17,稚稚丸
2,S18,紳士的秘密基地
2,"S19,S20",筑波的快樂輻射森林
2,S21,要石重工
2,S22,White Canvas
2,S23,星米恩
2,S24,ISWUWUWU
2,"S25,S26",北星圖書
2,"S27,S28",花屋 La fleur
2,"S29,S30",平面狂想
2,S31,絕讚發情中
2,S32,刮租 - 愛爽強到靠北
2,"S33,S34",規尬的地下競馬場
2,S36,超市大鳳蝶
2,S37,飛天冰淇淋同好會
2,S38,小波啦
2,"S39,S40",T.K.C
2,"S41,S42",雷光刻幻
2,"S43,S44",蟲蟲商號
2,"S45,S46",毛毛創森坊
2,"S47,S48",蒼銀之星
2,"W01,W02",三色坊
2,"W03,W04",助客勃
2,W05,有害蕈類集會所
2,W06,Ema箱
2,W07,紫玥桃sakuramomo
2,W08,YUI/YUNA
2,W09,小希Akiii
2,W10,小艾
2,W11,就是諾亞亞Noyaya
2,W12,米米Mimi
2,"W13,W14",蜜雅Kcup
2,"W15,W16",kumori
2,"W17,W18",亞織Aori
2,"W19,W20",Sum sum Danka
2,"W21,W22",COSIS team - Kae
2,"W23,W24",COSIS team - Joo A
2,"W25,W26",REI's ROOM
2,"W27,W28",鈴屋
2,"W29,W30",洋食小貓
2,"W31,W32",小空 Sora
2,"W33,W34",教皇和牛專賣工作室
2,"W35,W36",龜龜kame
2,"W37,W38",願願yuan
2,"W39,W40",Catity cosplay
2,"W41,W42",雨波HaneAme
1,"B01,B02",空罐王
1,B03,羊馬它與胖雞們
1,B04,抽子雜貨屋
1,B05,長腿綿羊
1,B06,KARAS押形
1,B07,毛毛貓貓
1,B08,"IewNa阿呦娜,漁島製作"
1,B09,是α 不是a
1,B10,本土英雄-寶島轟雷
1,B11,極彩色茶屋
1,B12,動物大學U-nya-versity
1,B13,靈魂褓姆阿嚕
1,B14,微光糖片研究所
1,B15,酒池肉林.AKA.新鮮的肝
1,B16,咖啡因工坊
1,B17,客家兄貴的骯髒漫畫部屋
1,B18,大槻 O2TSUKI
1,"B19,B20",羽利老師與她的漫研社小夥伴們
1,B21,コババ尼在看什麼？
1,B22,吉良綺形館
2,"B01,B02",空罐王
2,B03,靈魂劇場 Soul Theater
2,B04,抽子雜貨屋
2,B06,魔女與蛇-Beibeinside
2,B07,毛毛貓貓
2,B08,"IewNa阿呦娜,漁島製作"
2,B10,本土英雄-寶島轟雷
2,B11,極彩色茶屋
2,B12,動物大學U-nya-versity
2,B13,靈魂褓姆阿嚕
2,B14,微光糖片研究所
2,B15,酒池肉林.AKA.新鮮的肝
2,B16,南方山竹筍
2,B17,客家兄貴的骯髒漫畫部屋
2,"B18,B19,B20",羽利老師與她的漫研社小夥伴們
2,B21,コババ尼在看什麼？
2,B22,吉良綺形館
