GROUP_ID,GROUP_NAME,GROUP_LINK,TAG_LIST
95205e8b1d7d495088be5e39f0dd0739,Hsun Craft Studio,,
34337116ff714ef788b9ebdbf405bc5f,角落工作室,https://www.facebook.com/yami.no.plan,
ed3d0fe48e0342528593396eabbb71d3,大腹工作室,,
5d2f24320b5a4583ab4ef023eda42f3e,Noah's Crate Studio,,
656f0fc58ac248c699fdae36f6e2d18c,犬狸貓手作,https://www.facebook.com/a2333300,
a40a2de4103f49f786f3f6da5fac9464,怪獸箱_monsterbox,,
db453c6dcef542ecb620b335e8739962,柚子工房,,
1bfca1f7c2dd4a0db3850a14e85cba5d,一隅微生工作室,,
b4bcc8348cec4942a48ae00ca4419f29,泉源studio,https://www.facebook.com/kuuhakuprojects,
31d34c5ab97943189e772eb1793358ff,G&K modeling,,
f2e9eef33efc4f3fb553e8dff7e6bae8,營養口糧兵工廠,,
b0fe7235191f499a897226bf69d30b91,Xiustudio,,
5cc4461f5cd642f293292ec1e27428ae,KAYASE STUDIO,,
99f11597e7474f04a8815e8c5f30f77c,【社長藍白拖】痛包娃包徽章套,,
66e6e02ec76d43da9ed594b9d15fbe07,老雁小坊,https://www.facebook.com/profile.php?id=100064287512194,
b99f1585f5d14e99b653cd26e6e6563b,熊手製造,,
7ea9d3db65e34c4baa1ab81e446242d4,芒果的家,,
5fe06b7e8e8e4d088e46b183ec374238,格裏芬故事屋,https://www.facebook.com/profile.php?id=61559194003953,"VTuber,少女前線"
a2499121490547f18604290eab78d877,克特小舖,,
74d8878dd8634c5bbd54d0e6fb0c0f3d,My Garden 我的庭園（毛毛氈創作坊）,,
a9ec8b0ab87b494ab77d31562268b263,三分糖‧手作中,https://www.facebook.com/BJDhappy.candy,
22c76254c5044cdd91e984d03b2cc158,薛頭的塞,https://x.com/ShadowDesign112,
6e6f503ecf6c430ebdd71ff6f6a46f5e,ZAP製造所,https://x.com/ZapWorkshop,蔚藍檔案
09541ff9ae1e4270bd4849d2785829ef,+喵耳園+,,
4013061581ba453f830548af9be361c4,狸奴小築,,
95b4ea25d79341609f839266bdaa11a5,手創館,,
8982122799c2462babc48521a2e0e2fd,J9文創鋪,,
72279a9b04e340a3b5ab3a8c20583aaf,Dreamy Sweet,,
d784f7c32f0645e199ba69cfcde9c3f7,若若食堂,,
a6a08a2d254b4232900a75887facfabf,石頭小殿,,
5876805f1deb4d75a4f806121e3da0d4,玉音の工房,,
8314cf38fca94b53a8b582a813bee3a6,惡鳥禽流感,,
340d51226bd14ef4900acc38d5fab50c,球歷史Ballhistory,,
99f137351c394a1e82f2342eb1000ab8,色気分野,,
8f124a6002db449bbc64da929f7f0fbf,日落之旅藥水舖,,
ceb0028ef20e429da02eb890deb28916,VIVA,,
f04d25638aeb43dda8b56ee1f93119a8,南方山竹筍,https://www.facebook.com/smbamboo,
45677c229aa041939219979e0bdc0692,大磨界+GIOstudio,,
e7990552035848eb961c0bf8f3dbe7c9,俺企鵝,,
62ee3f63b6ec4ad395d821d6f2f60944,包子部屋,,
420aafb151584223a781ed7a4a13faea,台北海洋科技大學 數遊系,,
1983697795f94d4192e49c8556eaeab5,奈落的秘密花園,,
f652e06abbf84c2cabe9ecf4085cf2d4,魔法松鼠嘟嘟,https://www.facebook.com/MagicalSquirrelDudu,
9a3cac85bc954c62832263d4052764a3,雙夏,https://x.com/PatonaNatsu_Jr,原創
7f58d83cafeb4015b846711e7b47720f,遇見幸福手創館 Met Happiness,,
8e982d7672404814b7b7178644307d17,雪之饗,https://www.facebook.com/ekis2018,VTuber
72c7b9bbb9a9408aa1a545b6a27d972b,DooDoo我就DD,,
d2f189f2a0664c66a35472e6f7b645ee,北商ACGN創研,,
a68e93c874984d3aba2f000e29ad2add,Tobey·又·,,
b66e45c2b0dc4595a16559e38d3da9af,BiBi,https://www.facebook.com/bibirooom,原創
f32e217d307b4f069a0f2be026ec383a,MILK牛奶至上,,
6f791aa2167742c1864c2947116124ee,r_KT(原),,
5df96fb283504712b6706e8c8596baa3,菟吉珍珠販售店,https://www.facebook.com/profile.php?id=100009248503510,"MyGO!!!!!/Ave Mujica,原創"
ca41ed67bfd64d9d897a35c9ebfbc5c9,貓兒迷雅,https://www.facebook.com/peas0125,原創
c04e2d1afa4a476aa8daa12808fed829,Bubble Wave,,
990b1a7126de425c9869d0ec3858762e,微光創造,https://linktr.ee/GlimmerCreate,
4d67009a0b7a4694823dd9187e3cddf4,Dark-yard.studio,,
7e1a9e4ac56c4f4bb4383cff5649d5c6,JerryKu工作室,,
cd7565ab3909415b8c4b6920b5b0816a,fu富,,
06d64c663b034964ae077b3a2ebdbca1,咬一口鯰魚,,
9b63585b640542d69645d15e168f44c1,冷水青蛙鍋,,"蔚藍檔案,原創,英雄聯盟"
2ceb685a961249a0afe0cd470145ae9e,SCIFASAURUS(海穹文化),,
983f74c0ac5b41e09350ef38de77a732,UAV實驗室,,
fdb7b0ec3f044691ba91b487dff72ca2,LSS的機械陣地,,
3e2e9f51892742beacc83aff6be1a706,LORENDALE｜毛茸茸製造所,,
d49d79ca43c242079284e31612b1c19b,旋鳥,https://www.facebook.com/aioto.a,
f3c06ebea5df4acf8733497d9196eef7,微塵事務所,https://www.facebook.com/profile.php?id=61562854440790,
b5a24b56731842b38d04ab1699df1716,歪的工作室Ystudio,,
6eafbd5a4f3943d880d44fa2c75b81e5,賽路伊斯-七曜個人,https://chiyau.weebly.com,
30a835e56d224c76b9c588a4c6412afc,新夭 Brainholesky,,
176bcf7e22d94ce584a5dfb5f1612551,寒武紀化石,,
b25bb523d25a48759980ec3075fa0f13,向日葵茄子,https://www.facebook.com/himawarinasu,原創
42b1f52a12a742a5981978462743a81c,歸宅本部,,
1489dba7b55f47878609da836e87bdbf,ACG動漫迷的秘密會社,,
724602ccbf6b4f64b9c164021a07ce15,咖哩東,,
54336a90e66c4015bf12ff9486e29163,景美仙姬巖,https://www.facebook.com/fukacea4,原創
41578b5685374f97a25f7bd2fb0cab48,米恩坊,https://www.facebook.com/en.mi.7771,蔚藍檔案 
ffb18f3e59a644be9804eb39d235712c,LiZarD,,
d9609b82779d40df8d98dde43f6cef0d,Kivotonuz,,
fc3bc5e041d340939c9c8f3374464e51,色彩畫廊 (Iro-iro Gallery)色々・ギャラリー,,
820e5621dc2a4dfc8f98b27da8e86057,奈櫻工坊,,
03aa28f854e048a18e025e8ecd90860c,骨頭蹦,https://potofu.me/boneboom,"蔚藍檔案,VTuber,原創"
1863e5696fc249dd84df8dc73b73527c,比雕飛飛♪♪,https://www.facebook.com/beediau123,蔚藍檔案
e889a55b2b164072bcb11ad240d694bf,霜月鬼奈,https://linktr.ee/OninaArt,蔚藍檔案
862add6ca7bf409d9cf3fb00d656aaa4,貓咪窩,,蔚藍檔案
197fdbd89f034baa8bb96776ec519fc7,今晚來瑟瑟,,蔚藍檔案
c275ac610c2447a6821009ae4efb606d,AFTER RAIN,,蔚藍檔案
8d2dde65375b4bdbab0c9dce76fd4ecf,秋荻少女,,蔚藍檔案
31d803970f6843babdc13357700417ad,C.u.Wa,https://x.com/Seelt_CUW,蔚藍檔案
1747e61d5dd446c6ae82875f7ed2a5b9,部屋26℃,https://www.facebook.com/sayikasp,蔚藍檔案
13f84f9006ac41c9986613545951a5a9,噴射毛球,https://www.facebook.com/pixiv670656,蔚藍檔案
fc6641a8966f4c6aa2c32bb5745c8582,貓專用牛乳,https://www.facebook.com/mikan888,蔚藍檔案
16f856f6846c45aca7f14fe7de5a4c5d,隨意坊,https://www.facebook.com/fred04142,蔚藍檔案
5a108184233c43a7854cbf3c0fa0d926,凜凜魚懶懶的畫圖樂園,https://www.facebook.com/profile.php?id=61556668056415,蔚藍檔案
eae969af4e004e029a5ff00db89dc020,萌夜茶会,https://www.facebook.com/moeyatw,"VTuber,賽馬娘"
acead9a158bb45cc86c9710a05f0a7c4,Ellie工作坊,,
f77420c435b74aebaaa218c92039e755,黑暗小倉庫,,
948ff23842984cff887370251daae311,番茄牛肋排,,
ee54512d0cea498a85dde1d66ac19fd6,不要碰我的狗,,
3be2604b54bf4af8ab6cb09e4d595780,畜生道,,
63298a1e4f9c4f71a5ee33928ad43397,命由工作室,https://x.com/daic5057,東方
4d6de5daf6ee4f97b680c3f0adfb94df,犬蜀Ray,https://www.facebook.com/profile.php?id=61572454107536,"賽馬娘,MyGO!!!!!/Ave Mujica"
0a680ec2826e49b3bf23583e8c04afdb,月面基地,https://www.facebook.com/eman.nep.5,賽馬娘
4803dba6282943fbb3af4ff2f587bcd3,特雷普新寶島,https://www.facebook.com/profile.php?id=100094696682130,賽馬娘
ab284992e76744ce80fd88c9bc5bf808,芋圓挫冰,,
b736f645660f4ef2adb16f48eba4ef5e,晚安丁豆子,https://ding--do.blogspot.com,
d62be51cb2c046f0a0e57a02b54e7495,睡一覺就會有靈感,,
6f01516379c34f60b1f63e2d7db04a99,Ya喵子的貓窩,https://www.facebook.com/yanekomeow,
47d83dabf7314cada5b6d6873d0a4050,Ice繪坊,,
8805d67009654823a4fed7e4345f0c3b,幽靈系TUT,,
4ba4fe4151df4147a041eafd8374ef2a,塗鴉星狐窩,https://www.facebook.com/StarKitsuneRan,
cf314e0c2ace4521bf2bb6a7243bcae7,杏。Xing,https://www.facebook.com/XingJustDrawIt,魔物獵人
40aeaf40fe844ca99cfa50377859dd9e,Ema箱,https://www.facebook.com/KuguiEMA,明日方舟
5fc5f094bf8d430cb8a18094b1fd39a2,Hanasawa花澤,https://www.facebook.com/hanasawa062,"鳴潮,絕區零,星穹鐵道"
b6ef0032bf3c4d4286412336a221eeb1,熊巢宅業,https://www.instagram.com/beardad850414,絕區零
381687c7584d4a668bebd64aa9f57275,蝦餅吊飾專賣,,
7e5368bde2924707a4c40e23cd72d972,蝦餅SHA,https://lit.link/en/sha6666669,原神
bb2507e2eab44d5898eb6d32c23c609e,待援生活,,"原神,星穹鐵道"
8fa034418ad24275906ff605f4115484,涼拌天窗,https://www.facebook.com/junliang.zhu.71,明日方舟
765a76d62b224c76b2ead7c4e6099215,夏天久一點,,
a58fea2e297d491dadfc65396bc0526e,雪屋 La fleur,,
b8dcd43d18494373984dd53fab80a93a,八百萬堂,,原神
fba80fd187a14beaa6d96f90aafbc3f8,Atelier Kingyo(金魚工房),https://www.facebook.com/profile.php?id=100011248425460,星穹鐵道
4d36598df99d4793a78a0d82a0045def,本本貓是一隻貓,https://www.facebook.com/minehonn,絕區零
5de5bd862a1140dca9dcb0fbbabdc498,帕淇,,
b6a48d9f20f44fd68de0f7545c3ff9e4,古比Gubi,https://lit.link/en/gubiTW,"星穹鐵道,明日方舟,賽馬娘"
62950f8b6f1c446f8ebf84dae1636e49,小廢廢培養皿,https://lit.link/en/uselessgarden2020,星穹鐵道
a7e39e2b4754422f8c7ca9d0224546c0,NephiAnime,,
4b6bcab35aba4b28a7ea5106ba8018c6,尼腓工作室,https://portaly.cc/nephi,星穹鐵道
5ebcf3bf24a34885af20c916fd630c13,超斬開,https://www.facebook.com/otokoter,"原創,寶可夢"
55fe9aae50374a8ba8c2641a1508f2d2,Hosto,https://www.facebook.com/profile.php?id=61554739561421,
ebe27cfd2d9243bc9503eedd2a5a9f62,鉛筆盒,,原創
ff680fd5833f4f0488c3ba7761fc2ba0,驕傲香蕉,https://linktr.ee/Proud_Banana,"原創,魔物獵人"
e417c5409fa94770a51dcd5cb95f00ce,超級米漿,https://linkby.tw/michill.1121,原創
199af3020328466b84e0c5780f122ce3,ざしきねこ,,
e6bad36b0fb543fcb38f4351be75f588,皮鵲-Picture,,
280855b557c24c5d96165b040c28ad9e,北市大ACGN,,
0d8dc76a2f9a47c7ba87dbd2b25febd6,山田商會,,
8e5c2a4a6bab414cbef228af2f6b7c91,ZM敏,https://lit.link/en/zimin183,VTuber
4e43199aba12423a8b180bbb5af010f4,Humidity,https://linktr.ee/maigoyaki,原創
c8e57d35e2af49f58a2e6cb5fa1f2951,Damier Cookie 妲米餅乾,https://www.facebook.com/Damier.Cookie,"蔚藍檔案,MyGO!!!!!/Ave Mujica"
3c08c2a1f4a140388a7afd4364f9e2cd,やまぐちぷりんと,,
214a63c0403a44099e88428f23b0a0e1,和(なごみ),https://x.com/tenmu_nagomi,原創
7e8a9addaecc4b8f8b87e0d7218bbc49,ＳＨＩＮＩＮＧ,,"蔚藍檔案,原創"
e30207471a3f490d9bc6a689b126161e,Hashira十四,https://linktr.ee/hashira14,原創
ac467d551b0b4d1cafb78029772aa0dd,宇宙波神山崎本社,,
996d9ba05b994bed9674b16209df18a4,淺墨閣,https://x.com/asaba_6771,
bb59571e77cd4ddebf42815330a40c18,irodori comics,,
e848db8318e742c1ba6ef5cb02c6c020,愛肉通販,,
e51b19e42ebb4d458e6f728afb9e2a56,作業系統,,
14265dc74012473ca81864bda788fb5c,本本力學實驗室,https://www.facebook.com/doujinshi.laboratory,
08b20f0ca4be4231999533b573f01a82,海岸線擱淺生物認養中心,,
a25ab9e7d9f44060a68141a9d4807520,實體化技師團-次元突破計畫,,"VTuber,Vocaloid,妮姬"
2a551ca8eebc472baf08e2d053c44b4a,VerseLink,https://verselink.studio,VTuber
eb3e42a271f343449c05d60eae6ba3e8,緣流,https://x.com/enruzero,VTuber
da5899b720634bfea4d05d70f148c07e,特異點,https://www.facebook.com/profile.php?id=61565099445578,VTuber
91599ce2ad1748738113c4649795efa6,LMLive,,
54e9d184e0fa40d18198d5f920a75706,果凍仔專區,,
54cfd8615c7847cb83881cf5ae139412,小二茶樓,,VTuber
dbd689aa429d4d029ff5d8c437a122f3,狐交粉心結地,,VTuber
d1acaf2f1d134e4e87a3a87f5998bd7f,Vtuber 白音エルル,,VTuber
ed153cb23d50481db6d93409a533c2e7,無限荒野,,VTuber
a633c620ddfb4dfabfd7ca137dee9509,岸間晴乃のイラストテンジ,https://linktr.ee/kishimaharuno,VTuber
06d89ce2c33347e58e77f526b473aa62,蘿瑪ロマ的神椿攤,,
faa0ec13dc9b42db8b6a3b0a86a1e579,啊桌還在睡午覺,,
3ee1f8441eb74f6789035c9d92f27ebe,烏冬傳說,https://www.facebook.com/reikakirizuki,"學園偶像大師,蔚藍檔案"
73fb07bc9f204c25b8bc618c61f00ee5,74 Production,https://www.facebook.com/IdolProduction74,蔚藍檔案
04dcc1abaf924f2e99bea28adf0ec6f1,ano阿諾,,
358c489041a84e57ad2f835b55065388,AOUMA青馬,,
6b370daa604c46f0985ad7cc06278e53,小雪Yukichan,https://lit.link/en/yukichan11025200,VTuber
67c7018f04664fda9e3a9ddef349489d,RenVaichu,https://www.facebook.com/people/%E6%81%8BVaichu/61559167787846,VTuber
fb1d806e094244b5b31c357399c7319f,米克斯MIX,,"VTuber,Cosplay"
a3de3cb21dfb4687afefc662cd1c9263,嘿!這裡有變態! 嵐寶雲,,VTuber
58855651bd1746df9380da5ae1f0ffe7,RE炸雞店,https://x.com/fairywind5487,VTuber
cf991dfe05164be1adf21a9d5e6d069b,惡貓計畫,https://lit.link/en/akucat,VTuber
e90f792d465d41bdb693bd6aca7e7a63,海線少女,,原創
1aa8516274e44a34a8ffee023ad639ee,Limnos,https://lit.link/en/limnos,VTuber
3af36b234b824d6a9134ef4836c8724b,黒炎紳士,https://lit.link/en/peter02713,VTuber
d1e37c1ba9814a578ad350ad7580277c,星之八刻,,
a2b793dadd484b5ab5486f21a7e53c7f,香香又色色的,,MyGO!!!!!/Ave Mujica
7de6eef8f3f3448884943ac76e250d2f,開水ㄏ水,https://www.facebook.com/p/%E9%96%8B%E6%B0%B4%E3%84%8F%E6%B0%B4-100064535665878,
be52d7d4948a4828b1146b98ff282953,奶油玉米的呆毛,,
97c79c3a9c6d47d2ae32c5df3000313e,一個小路人,,
e8c9ab056aa647a198c64611a575e11f,粗線條,https://www.facebook.com/p/%E7%B2%97%E7%B7%9A%E6%A2%9D%E5%B7%A5%E4%BD%9C%E6%88%BF-AKN%E9%98%BF%E6%A0%B9-100068021243803,
1adbfce70ad04f6c9bfee0bffb21b1e7,咪狗工作室,https://linktr.ee/mioillustration,VTuber
7f7521cbc49b41f2a710d8c39e870c0f,Rick's 3D列印,,VTuber
9ce8bf9d4d274609be7618e0bd200b59,RayP,,VTuber
bad5ce0ca567405485154cb2506751ff,黎查,https://www.facebook.com/kevin.lin.54922,VTuber
0b75b919e0e549b8a04626050320a527,島明,https://x.com/Nia_u_min,
4b621df4ac534495bad017087428d46a,然後她就lost掉了,,
fe5e9662099f462f8b94f38e5cc00651,G.A.S.,,
819fc8d0085b4c3d946fdce811ef8e35,迷路貓領貓領域,,
5ed5294494264b319323b051639eee32,Manda's Create,,VTuber
162738a16ebd44d6aaef8d89f810f8d5,Edge Three,,
53170cb64cbb4738a7691ede46d58eea,魔寶大典,,VTuber
070fd54ce3e449c7bbdc42546fff366b,赤月工作室_AKA Tsuki,,VTuber
4595337f389c46d9b8e4eed0ec5d0d7d,T.A.K.O.水族館,https://www.facebook.com/profile.php?id=61553864348427,VTuber
3b60651fd968424fae6cc777c539888b,SophieK極品菲宅,https://x.com/sophiek9865,VTuber
a5ca5321125b4640a9fb6f7de80a4606,粉色蒂國,https://www.facebook.com/PinkuEmpire,VTuber
8fc7024c538f422bb8fe7aa770426991,イレブンナイン,,VTuber
48c4d1e5117842deaf4dbbb22a9fb41e,IVY,https://x.com/IVYbyENST9,VTuber
548e28f71733453ca9644ae7d814b562,紫晶星宇 白靈子&亞拉希,https://www.facebook.com/h6x6h,"蔚藍檔案,VTuber"
b43013d254aa4ecf9aa47ac09b5564cb,麒麟的快樂繪圖之家,,
321d1fc3856048128fe8ea204f440ec7,萌妹子前線,https://www.facebook.com/LiushengArt,
374cfd04363d4084bff1707ce83c59ea,大江戶外萌,,
a9c08803ff92453199bbfc6f66239cb3,curry and rice(咖哩飯),,
5c34f5d2b8b743e2995f5dda64551ec0,阿默的成品發表,,
1c54b8c9e6d441cb8f86099f381dcf2e,禿頭貓基地,https://www.facebook.com/profile.php?id=61557875583240,VTuber
18b0f417c114448eb0b67bb4d37c46d1,Hua華兔,https://www.facebook.com/profile.php?id=100011900293458,VTuber
195c367a920c44c89fca123d6365f606,廢人生活,https://www.facebook.com/narukamax,VTuber
82095a8a13b14698ae4e19cb4dfe6fa3,Waifubait,,
608ee117f601494182cfbcee3fb2a91c,好社,,
5889c7543a4e48fb9164ec294668e1bd,星喵Aastaneko,,Cosplay
04baddb52a944c44850ff568c673f65c,楊衣．Yangyi,,
2ccd82c31e934bc197bbfb49c82205a1,牛牛Niu,https://lit.link/en/milkybird,Cosplay
cf4db882e8864158ab062bb64b0a5297,塔可喵喵教,,Cosplay
19def52b415a4fd5b68f47444a811313,衍黛的家,,Cosplay
f976b51dda42400d8c0399eea25218a4,Shey雪依,,Cosplay
e2032df90c94445fafc21d1e0649db03,梓瞳ziton,,Cosplay
4a4e78f283c0435d91ff898d5741e322,Akane COSPLAY,,Cosplay
eb4af4e9039041868f8df5aba93e880a,チワワプラネットの大統領,,"Cosplay,星穹鐵道,絕區零,原神"
d422cbab6beb4d95ad08d9fafb0c22b3,♡阿蛋在這裏♡,,Cosplay
1b0481f67b1e446ab10e2ad52990e7bc,ゆうな ❥❥阿奈 Yuuna.,,Cosplay
f2d16297559145d2b4572b9d202a91ed,暈暈哪次不暈,,Cosplay
55e0114bf1f54a998549111ae45bd29c,狐川_kitsunekawa,,Cosplay
58df598f75624d91bac8c954a689fbc1,Shi Do TW cosplayer,https://www.facebook.com/profile.php?id=100063556968428,"Cosplay,絕區零"
736574291d8541f38dcb868b21d461b6,千島Chishima,,Cosplay
dea9c57d4ad64942ae0e93d1e2b31899,鮭魚要吃生的,,Cosplay
2b890f8d7c374e00bce43ee94640f440,泥泥汝,,Cosplay
5e30733b842f4876b1a710816351db86,醉宮Yomiya,https://www.facebook.com/yomiya.cos,"Cosplay,遊戲王"
f60c04f00a964a1eb55c260f9d74c003,Olivie,https://www.facebook.com/oliviecos,Cosplay
3f51753829b1456e9078f070562e4c81,花梨Hanari,,Cosplay
59ba1e6770c84b419bc54eede66395c9,櫻貓特小號,https://linktr.ee/pigcatpigcat,Cosplay
0c8c1dfbb8d64b6b8343ac263672abb8,Sumiko,,Cosplay
1de7cb9772e44ca7ad8ec579e0bec7df,桃井マシロ,,Cosplay
1e103e45983e42fdbe30f6ed509d6635,藍幽_namyau_,,Cosplay
6733eb37c3f646a39df282a20b599fbf,蝦米hamiiii,,Cosplay
8d5abc8588ac4b908767fd7b2433645c,KAMIMi湘,,Cosplay
dc09edf5c7d247ac8210e9e9d6e40f87,KL急診室,,Cosplay
a10a876889dd42acab9017c1c2d0670d,sugar melt,,Cosplay
8ccaf4e7894845028d66ff8d27cff358,YuDan魚蛋,,Cosplay
45b9abb08b14450584e0b22eef0e1099,天使堡佑,,Cosplay
130cee18502641e8a6f216e8a78297f2,小熊貓工作室,,
1ceefaa4033e4b1f975702a24152a3c2,小冷leng,,Cosplay
713a8038babe496d86b36d671b2987da,容子,https://linktr.ee/zonezicos,Cosplay
0556d2824458415fb6a56e05e85daf97,餓小璇Miu,https://www.facebook.com/smilecutty,Cosplay
8b4a357729cc4c30a07fe11774938e03,HattieCosplay,,Cosplay
969b8ad1d5574868bdb9e3e4f29dce73,pyoapple,,Cosplay
f40a3d962f654fe597491b4360f073d9,玄子株式會社,https://www.facebook.com/genkosama,"Cosplay,妮姬,鳴潮,我獨自升級"
dfb1bf25d3f1401e8ef56303a498e85b,毛毛喵 Cosplayer,,Cosplay
713c986f04a644638ca95668d553a691,小律Ritsu與大鵝的產地,https://www.facebook.com/Ritsu.OuO,"Cosplay,蔚藍檔案"
563db3f9f91d46ac98f2e02a941c9b03,朵莉 Tori,,
26f5fc86165943df87c01ebf6883aeeb,饅頭manjyu,,Cosplay
ddf111620990446faeae6d9ec45ba712,小羽feather,,
4aba03e1962c4f65a6078739d30daaf8,孤獨小月兔,,Cosplay
76e507d5e0a641d3981ec3432fb554c6,Jody 女皇,,Cosplay
356bd5e3dc0f4eeabde12230c58130fc,KUMAx石見三也,,
8f6aaad85b4f458aab60bbfcbe387b3f,芝芝貓打工仔,https://linktr.ee/cosplayzhizhi,"Cosplay,MiSide"
3e54ebffd7a247fd91476523f06b9927,Tako&佚泆,,Cosplay
be1cc635e0c043cc92dd599e90ca7827,よみお姫様_Yomi,,Cosplay
629f462317164f7a8b4ea755ad0720d6,伊灰大優灰Ehui,,Cosplay
ab3059a09ab147b79642367b77214a4e,ФшФ黒ギャル GAL RITA,,Cosplay
9b2442c7b050460ba5e19de96a6d76f5,YJ Book Studio,,
0c112a25e97842408384eb9a3c7faeeb,野人文庫,,
cfdde4493320474b88030ad4171d13cc,MIYANA咪呀,,Cosplay
2dab9061a1d94a5e966029ca9296c4fb,NEGIBOSE,,Cosplay
7a6af7dc548042cb8074148994b3c396,Red Vickies,,"Cosplay,鳴潮"
d91347935f4f4ca9a611c2ecb12847c9,鹿鹿想睡覺,,
02cbd3b683e04f46b81d71de9c1aad29,Catachi Cosplay,,Cosplay
769bfad87f034629bf971fcedba08aa3,月宮櫻Tsukimiya Sakura,https://lit.link/en/tsukimiyasakura92,"Cosplay,VTuber"
ad1d6921daec45a9b91152dd32dda8e1,麵Mian,,Cosplay
cb38f53e6f5b465a873e125e46a7929b,章魚小丸子,,Cosplay
fedc2960a1c3428c93a301bf37870c74,妃芽｜Freya,,Cosplay
8234670b7897492795daeb42967a40f2,Sonigalion緋紅,,Cosplay
5459816c2d28491bb5941e48fb93be60,KINOKO 菇菇,,Cosplay
db4c788ffb34446e9b4aa20e27b2c842,犬神Inugami,,Cosplay
dd796757f27a4ce88533a5ef198210bc,小翼小光180,,Cosplay
da6debea17954935a0fe20e0fa446ccb,兔兔蟲cosplay,,Cosplay
3d83ffaa12d9405a8c3e7fa414a7c886,Hanabi花火,,Cosplay
c7dddf7d98964f6ea0cea20bf4045557,Tiffany小豬舍,https://linktr.ee/t.tiffany.y,"Cosplay,VTuber"
33f6524e3b53435d8b652c372b834d81,Hatori Sama紀奈奈,,Cosplay
0b0d96c0f0b14aa08143fcf8ab5d39f9,沖田太太是凜花,,Cosplay
fa4023ad17fb446ca8147142de542194,♡可凡kofan0331,,
bfd8736da45a4f98a7a21ce3253eda97,七七小姐_Miss Seven,,
7bcf7b0ecfd8414a938bd1f03823e646,HIKOHIKO,https://x.com/HIKOHIKO_0204,"Cosplay,妮姬"
5aacf910e057464fafd9170355a295c0,DREAM.Project ➤空想製造,,
cb32ba30cbba4a04bad7fd870d0a12fa,霜月shimo,https://www.facebook.com/shimotsuki18,Cosplay
5fc472b968a84592800f3cc728b977a7,糖糖Candi,,Cosplay
804892014dae4df99ea5e4ce0a05122f,阿瞳也是阿餅,,Cosplay
cf4fb3d6a42840db8b122145b5e3f3ca,+洛梨々 Cosplay+,,Cosplay
462bb3365f9043a8a156a9d676de4964,瑞紗Coresa,,Cosplay
8e09544f65394964a7c4112b2028c2a4,緹亞 Restia,,Cosplay
b33bb4e576a44569bafb5340f01205d7,采采兒Caicai,,Cosplay
61f31d96d6db4e6ba40f2992534c7a1d,姬喵的貓窩,,Cosplay
c951311438bd45f89608a11591f0b82b,小羊/풍신 Kohitsuji_Pungsin,,Cosplay
ab2db215822a4fc48a9de4f7be79e69b,秋秋Chu,,Cosplay
7bc1b15a7d6248b9ba8128c8e5f626f9,子子Smily,,Cosplay
198a6f38bf1f439daee1a559cda0117d,⟡汪汪 Won Cosplay⟡,,Cosplay
5b513a6d76f043ab99c4e787104ab951,凌晨四你老沐,,Cosplay
3387470c964b475f87d93ee935230bf7,Helene海琳,https://www.facebook.com/helenehoney.tw,Cosplay
8c759cc65a6b4f0a8e8e87c3decfc222,DenKa,,
89fe5194bca64cbfafc96c9259f56a8d,賺罐罐的霸氣,,
b1443d73977f439b967769dc42834535,侰 Chun,,Cosplay
e5db8bc85d7d4e65a637b1bd28a1d457,TENxYAU姐妹丼,,"Cosplay,四月是你的謊言"
321963954a3049f88e97b53a0c2a0821,枳枳zhizih,,Cosplay
f946a72d206d401dac8040202251f173,咖啡 cosplay,https://www.facebook.com/lovecoffeecosplay,"Cosplay,星穹鐵道"
3ff900b2315b410d847de2af962eaaba,ㄚ田です(´ . .̫ . `),,Cosplay
e7777e3c7d024f099aa7844cac93a890,包子xManjiu,,Cosplay
277f47895e774b399b828b81cac4ba1c,Oni Hitomi,,Cosplay
6d896da02e1e470489d772928ce1f359,小夜魔法學院,,Cosplay
7b6c4e0899354e4096ee1c836f9442b5,音符ONPU,,Cosplay
28b4d45eb05944e0a5f2481e5f35f30d,小小小萌雪,,
7839ed7a1324402890692d936885b5ac,米浮做功德,https://linktr.ee/a618mifu,Cosplay
4f3076c1ee934db3a82dd5affa36971f,哺哺鼻鼻蓓蓓,,
9c47184195fd4181b08ec93e3cc32b58,小漾樣x漾樣子,,Cosplay
102455661487403db798cbc0f29e6258,Kazeki風希,,Cosplay
e219a92c31ce439fa2847bf5e61efd1c,貓草DAMA,,
e40ed23017d34d948c606f8241d81739,Luoying,,Cosplay
0fd47bbf1feb483e90abc4491f7eec43,嗷希飯,,Cosplay
567bdb34bd7943749754d03b9cdf8034,Tsuru鶴葵,,Cosplay
2acd357e58964d7f80b8a9dd3a53ec8f,富士繪社,,
cd49b5cd7da04d0e9a7380506ada7b34,士雷,,VTuber
4184a2fd17f04b05bbe68a37460b4c18,清酒路上,https://x.com/wei40442612,東京卍復仇者
53091629a6a64a1ba4f5ba0d555236ed,Seven Rain,https://www.facebook.com/SevenRainBenny,
96e0d897f7114196ad4542e38f5283d4,烯醇ENOL,,
73df4bcf031f407581fc1e8707f99545,黑嚕嚕的六華貓,https://linkby.tw/sixhuacat,
9a9c03eb057048babee82434032f75d9,bbibinbing,https://x.com/bbibinbingART,"Vocaloid,世界計畫,VTuber,MyGO!!!!!/Ave Mujica"
c1cb3c5db0bc4dd2ae82d63f4fd8e3ca,にゃんション-貓宅,,世界計畫
e838c497bfdb469a9b09e4c59d57d40a,LRLR,,Vocaloid
c1b4056756174023b0b039cffd6380ba,常夜茶會,https://x.com/FriendsGoudou,動物朋友
3b11748cc2314c21ad2df6ced174b4c1,Zweihanders,,
c70f2a8398594836bb6276ec9e2e16e6,畫畫好難,,
2a41447173a4470ba721fd449e6fad32,稚稚丸,,
64afd45002594ea0a256b359a6cbbc6c,紳士的秘密基地,,
dc3a5a70b1064a059c84d9ef56eb92bf,筑波的快樂輻射森林,https://www.facebook.com/profile.php?id=100000324976406,"蔚藍檔案,絕區零,魔物獵人"
7b3f310137f242aabecf003a149d917c,Bygin,https://lit.link/en/bygin,
49a4aa53f9ab4732bde8daa5e4366baa,星米恩,https://linktr.ee/richard04707,"星穹鐵道,俄語,葬送的芙莉蓮,VTuber,我推的孩子"
a62da985d18e4a6ebeca3c4a348720b5,ISWUWUWU,,
a3da389b4dd34540b4c86174b375f901,北星圖書,https://www.facebook.com/nsbooks,
23e945bf9be54fdfa245eab32392852d,花屋 La fleur,,
b8e51c8ffbd842c4af8be3a7a4949aed,平面狂想,,
dfc77b8cc10b4aa1a34cfd1049271473,瞪白紙工房,https://x.com/nanoha99001,"Love Live!,敗北女角"
60b5d1024e8d43e1baf7267a52e1fee8,刮租 - 愛爽強到靠北,https://www.plurk.com/LQ7,MyGO!!!!!/Ave Mujica
17b87d318ad14362ae708b691b7805df,規尬的地下競馬場,https://www.facebook.com/UpClassGuaga,"MyGO!!!!!/Ave Mujica,孤獨搖滾,GBC"
bb48878049034276b0801beef53c56f5,Prediction,,"JoJo,傳奇系列,鎌倉殿的13人"
ddf9dee3e97e47578c82dd1640096f9e,飛天冰淇淋同好會,,
0fb0cf1650134a879dd07001b35ccf57,小波啦,https://lit.link/en/polawork,膽大黨
0f22850ed0d24d3797414067b87171b4,T.K.C,https://www.facebook.com/TKCArtwork,"膽大黨,葬送的芙莉蓮"
cd8b3cf3f894498e9a3d8789337ffbea,雷光刻幻,,
7d13ae72163144d6a87f1ba984873fcd,蟲蟲商號,,
77bb7dfd82b2437b90684f2dfae1934f,毛毛創森坊,,
da4a998fcba44920a6a2a21b94475c10,蒼銀之星,https://www.facebook.com/aokihoshi,"葬送的芙莉蓮,妮姬"
8b52f2252b0249358dd1d7f9a5059a1a,三色坊,https://www.facebook.com/san.se.fang,原創
d29da82141a742ac8ff52f735315936a,助客勃,https://www.facebook.com/zhukebo,原創
92a5068f14fb4eb58673b8858d886cf1,有害蕈類集會所,,
d6af1308b9a94cacba715698c8c3b480,Kouchiku卡卡,https://linktr.ee/kouchiku,VTuber
2672855046cd46049312fbba898fc485,娘娘,https://www.facebook.com/atea1007,原神
9869a89ef808452f828a7b80ecb597d6,YUI/YUNA,,Cosplay
ac51251990244782b7b5e11b4ffbfde8,好點子,https://www.facebook.com/chenyurain,
037a01754f76472f965b80371cf869e2,就是諾亞亞Noyaya,,Cosplay
28070305f537455eabeca11a9b8d2007,米米Mimi,,Cosplay
e81f5a6095fe44658fd7fcea57ec4389,蜜雅Kcup,,Cosplay
6434df6dc86244d4ba14e3498fa2ff5f,kumori,,
563d5aa7551742d3a3ad16ade088f266,亞織Aori,,Cosplay
f6597ce350e543f3aea0fc578562deab,Sum sum Danka,,Cosplay
5a94210d435b4f7990e16bd7b53d36e8,COSIS team - Kae,,Cosplay
093473a5e5b543278a84e32a3d65ebb0,COSIS team - Joo A,,Cosplay
08a9d91c592d411a9c5e253fe5f84397,REI's ROOM,https://lit.link/en/reisroom,"學園偶像大師,VTuber"
58c7497a689b49b384e8b199e220806f,鈴屋,,學園偶像大師
b82c9d2870ef44ad8dfa25af15405eab,洋食小貓,,
344c32d920914ac6809359e108ca6552,小空 Sora,,Cosplay
3feb4b50baa24b379dc34c07d3a8da82,教皇和牛專賣工作室,,
6024f227d75f42e0b596d1eed2f14411,龜龜kame,,
784d7c75c2934b3090b180439eeba2e3,坊橋夜泊,https://lit.link/en/jyoeshi,"Cosplay,碧藍航線"
018d85396ddf4003941634b665fd9502,Catity cosplay,,Cosplay
7a5e92f4df81469cb2faffdd6361169f,雨波HaneAme,,Cosplay
3def29ee3652465bbddcd0644f06b2c7,恐怖白果醬,https://x.com/horrorwhitejam,
b9d2e0b005944530b5618a104fdd91b1,光影之下,https://www.facebook.com/p/%E5%85%89%E5%BD%B1%E4%B9%8B%E4%B8%8B-100063716054247,
833b7e85bed44ebfa3afd9734a7b86ab,阿農Anon,https://x.com/anon_114c,
3e21dcdb46714d47bb4b682a02cb2f2a,可可米可 Coco Miko,https://x.com/CocoMikoArt,
36337b5216664809b2de4baaaa79d590,Neo尼奧推し活創作,https://www.facebook.com/profile.php?id=100092460082558,
fe1a475930834e53852ff7b61e005bdc,龍鳥的巢,https://www.facebook.com/killeryuan08,
1eec8987c97b4113bac500b402e1ce64,水豚早安安,,
7eee8dd11da140d8828f0bf6c016498c,1717這裏那裏,,
f0ca2ea25e984215894b1c5c1d147823,原·Lab717,https://www.facebook.com/profile.php/?id=61564680281342,蔚藍檔案
cc415d11ebed494481f5333008984dfc,Eternal planet,,蔚藍檔案
39768dfdf47747c5befeac4f7ab7698c,梟心組,https://www.facebook.com/jantan169888,
169d01dde8d14a9ba31ab38ce5c34e34,五四五四,,
195e520fca6d488686740881f38b490b,任務了解,https://x.com/sefiloms,碧藍航線
dad6fa9a3c54460c9641c7d22d7b6311,壽司不能吃ㄚ,,星穹鐵道
8e0fe8f30a7845f3b4b052488539fa63,大福喵喵,https://lit.link/en/cattsuki29,原創
c222970797234c1eafa4edd6169cc8a0,快樂濕大象,https://www.facebook.com/HappyWetClub,
f03f6c4c2ce9406b8b98ca69632cf474,梅依貓物語,https://www.facebook.com/MyosotisTR,
1891b17808234bcf9f5fea127f8bed43,赤井いと,https://www.facebook.com/profile.php?id=100088079427281,
1796600a1c914dfb89ae87da7f228f80,燒烤海鮮嚕串買一送一限時搶購,,
1c6876b4e7c443bb9086fb48b3ec9bea,浣熊會洗棉花糖,,
b4f7168ae5654b16afca247cf17d92cc,吃貨少女あか,,
ab37cb09d490435da746f081f34bf822,洛妮想皮也不該吃夕泠啊,,
8e4aecedb93c4fc789638a071b3590c1,PoiLiang,,
688e6abb07a34d598713386602eb07d4,Bremen布來沒,https://x.com/bremen_today,
5e612f7a525a46129b104620a926bb4d,N.D.S.L.,,"VTuber,Minecraft,迷宮飯"
d2203e4be2264cc992fb1dfa11035966,嚕卡蹦分貝>100,https://www.facebook.com/rukaleeruka,Cosplay
90d5f4b724094832bda5d1f8a9527886,Yumi小魚兒,https://www.facebook.com/Yumi.TWcosplay,"Cosplay,妮姬"
7463569dc1dd4bf7bc11fc20796378ab,悠夢,https://www.facebook.com/p/Cosplay-%E6%82%A0%E5%A4%A2-100064006753812,Cosplay
6950e76943d54c1bb0b774f538657174,樂褆超可愛,https://lit.link/en/haruka0316,Cosplay
91515df560884c599f0a14f4286cafe9,大慶集團,https://www.facebook.com/DaChinElectronic,
bbf2661e580844d5be63e474faaf7738,要石重工,,
8defbcf6aa86405d9ed9d02baaf8eb59,White Canvas,,
f16ac95828324945abb8b7ca733f5f1a,絕讚發情中,,
6165a6c34b3743418bc3e27059db5113,超市大鳳蝶,,
c7c592fca63249dfacd608b2f4d8688e,紫玥桃sakuramomo,https://linktr.ee/skauramomo,Cosplay
9dfa86a39c404606a45a9355eaaecfe1,小希Akiii,https://linktr.ee/akidesu0523,Cosplay
008f270d5e19458cbb31dc62d9a8c657,小艾,,Cosplay
eca1b83ebc4d45918046bce28c2d51ce,願願yuan,https://linktr.ee/Yuanyuantseng,Cosplay
df6c04039ebc49a9a66e498aef7851a8,空罐王,https://www.facebook.com/canking,
9f94d7886ce0473ba2a3e07af7f8bea4,羊馬它與胖雞們,https://www.instagram.com/alpaca_ywy,原創
dc298e367f1b424d989234bb18adf11d,抽子雜貨屋,https://www.facebook.com/DannyCHUCHI,
52c5ebf5701e4c00b2f875220b5cb7c6,長腿綿羊,,
8c2214a77fab4496887dbbf9aa8b5701,KARAS押形,https://www.facebook.com/KARASoshigata,MyGO!!!!!/Ave Mujica
d7914104ff0049b0acf7d9f7b5078b8e,毛毛貓貓,https://www.facebook.com/neko.katabami,原創
62426c9a55294716a0a3ada0570b423e,"IewNa阿呦娜,漁島製作",https://www.instagram.com/iew_cv,
9a492e71fb324264a1698977bd7c830d,是α 不是a,https://www.facebook.com/alpha.area,
99b0c62cfbde404cad65aef2accc0b94,本土英雄-寶島轟雷,https://www.facebook.com/titw.thunder,
0cd9170892734626a9670e94ba87d6e6,極彩色茶屋,https://www.instagram.com/sih_fei_jhai.sketching,
fd33a248dfe541ac9e70d788dbc1fcdf,動物大學U-nya-versity,,
ad594c6edc724594b5b16d644d05b5e6,靈魂褓姆阿嚕,https://www.instagram.com/bobacat.nana,原創
3e9ca94a44a54bb99cdbdeb42d5c97e3,微光糖片研究所,https://www.facebook.com/su.mi.923724,
138a7e5cf19048f6b40e3cdc27d6ecf1,酒池肉林.AKA.新鮮的肝,,
5baab8d46bae468e828c859fc2fda95a,咖啡因工坊,https://www.facebook.com/coffeeinkcomic,
66efc02dd3f94ae482d476dc5c3654a1,客家兄貴的骯髒漫畫部屋,https://www.facebook.com/chancebishonen,"原創,VTuber,地。-關於地球的運動-"
0744524dad514700b9e4b9258710a497,大槻 O2TSUKI,https://www.facebook.com/O2TSUKI,
19dfb5188d914a689718ee32f2cd5500,羽利老師與她的漫研社小夥伴們,https://linktr.ee/millymilly.tw,
907f5a78eef040bf85d02a3cc23a2e28,コババ尼在看什麼？,,
a258be3fd3fa4a919faf8f487c3c0748,吉良綺形館,https://testing.plurk.com/Kira101516,
f413e8c1313a493193fdc430a73dd8dd,靈魂劇場 Soul Theater,https://www.facebook.com/soultheater1117,
28bca8b7cfd64b919e1dd00afa51c6cc,魔女與蛇-Beibeinside,,
